tucaseid,tuactivity_n,wufnactwt,wufnactwtc,wufnactwtp,wuhapord,wuhappy,wuinteract,wumeaning,wupain,wupnord,wusad,wusadord,wustress,wustrord,wutired,wutrdord,tewhere,trtcctot_ln,trtcc_ln,trtcoc_ln,trthh_ln,trtnohh_ln,trtohh_ln,trtonhh_ln,trto_ln,trwbelig,tuactdur,tuactdur24,tucc5,tucc5b,tucc7,tucc8,tucumdur,tucumdur24,tustarttim,tustoptime,tutier1code,tutier2code,tutier3code,trcode,trtier2,txwhere,trtec_ln,tudurstop,tuec24,teage,tesex,telfs,is_alone,activity_6d,activity_group,social_context
20130112121578,16,7957404.858724,17658228.797966,7426911.201475,1,5,1,5,3,5,0,4,0,3,1,2,1,0,-1,0,-1,-1,-1,-1,-1,1,60,60,0,0,0,0,1100,1100,21:20:00,22:20:00,12,3,8,120308,1203,0,-1.0,1.0,-1.0,54,2,1,True,120308,Screen-Based,Alone
20121211120696,8,3578506.309265,4203502.103896,2862805.047412,5,4,2,6,0,1,0,4,3,2,5,3,1,0,0,0,0,0,-1,-1,-1,1,133,133,0,0,0,0,720,720,13:47:00,16:00:00,12,3,3,120303,1203,0,-1.0,2.0,-1.0,16,1,5,False,120303,Screen-Based,With Others
20120909122094,2,7136387.698798,8382777.090109,6116903.741827,2,6,2,0,0,1,0,4,0,5,2,3,1,0,-1,0,-1,-1,-1,-1,-1,1,90,90,0,0,0,0,450,450,10:00:00,11:30:00,12,3,3,120303,1203,0,-1.0,2.0,-1.0,29,1,1,True,120303,Screen-Based,Alone
20120403121052,4,8506027.176608,8151945.139484,7442773.779532,2,3,2,5,6,3,6,5,6,4,6,1,1,0,-1,0,-1,-1,-1,-1,-1,1,345,345,0,0,0,0,570,570,07:45:00,13:30:00,12,3,1,120301,1203,0,-1.0,2.0,-1.0,80,2,5,False,120301,Non-Screen,With Others
20121009122067,3,20249203.013647,19406285.526513,18561769.429177,1,5,1,3,0,3,2,5,2,4,3,2,1,0,-1,0,-1,-1,-1,-1,-1,1,120,120,0,0,0,0,334,334,07:34:00,09:34:00,12,3,8,120308,1203,0,-1.0,1.0,-1.0,60,2,5,True,120308,Screen-Based,Alone
20120605120868,4,16165161.837879,18988451.024782,14144516.608144,1,6,2,6,0,3,0,2,0,5,6,4,1,120,120,0,120,-1,120,-1,120,1,120,120,0,0,0,0,680,680,13:20:00,15:20:00,12,3,3,120303,1203,0,-1.0,1.0,-1.0,40,2,5,False,120303,Screen-Based,With Others
20100604100816,11,5514917.531705,6491139.282403,5013561.392459,5,5,1,6,0,3,0,1,0,4,4,2,1,0,-1,0,-1,-1,-1,-1,-1,1,120,120,0,0,0,0,1080,1080,20:00:00,22:00:00,12,3,3,120303,1203,0,,,,48,1,1,False,120303,Screen-Based,With Others
20120605121119,5,2063607.817286,1977705.615871,1926033.9628,2,6,1,6,0,1,0,4,0,3,0,5,1,0,-1,0,-1,-1,-1,-1,-1,1,90,90,0,0,0,0,465,465,10:15:00,11:45:00,12,3,1,120301,1203,0,-1.0,1.0,-1.0,61,2,5,True,120301,Non-Screen,Alone
20121211121561,5,4273480.17587,5019855.03385,3988581.497478,3,2,2,5,0,5,4,4,4,1,1,2,1,0,-1,0,-1,-1,-1,-1,-1,1,180,180,0,0,0,0,530,530,09:50:00,12:50:00,12,3,3,120303,1203,0,-1.0,1.0,-1.0,71,2,1,False,120303,Screen-Based,With Others
20121010120863,18,25028690.392084,29400018.786751,24386929.099979,1,4,1,2,6,5,0,3,0,4,5,2,1,0,-1,0,-1,-1,-1,-1,-1,1,54,54,0,0,0,0,360,360,09:06:00,10:00:00,12,3,3,120303,1203,0,-1.0,2.0,-1.0,44,2,5,True,120303,Screen-Based,Alone
20101110102500,4,42707586.791242,50267459.609969,38825078.901129,4,6,2,1,0,1,0,2,0,5,5,3,1,0,-1,0,-1,-1,-1,-1,-1,1,115,115,0,0,0,0,690,690,13:35:00,15:30:00,12,3,3,120303,1203,0,,,,41,2,1,True,120303,Screen-Based,Alone
20131009131629,2,13820407.449327,13820407.449327,13820407.449327,2,4,2,5,5,1,4,4,5,3,5,5,1,0,-1,0,-1,-1,-1,-1,-1,1,250,250,0,0,0,0,550,550,09:00:00,13:10:00,12,3,3,120303,1203,0,-1.0,2.0,-1.0,59,1,5,False,120303,Screen-Based,With Others
20100505101574,3,2290458.415132,2695903.339932,1963250.070113,5,6,1,6,0,3,0,2,0,1,2,4,1,0,-1,0,-1,-1,-1,-1,-1,1,60,60,0,0,0,0,540,540,12:00:00,13:00:00,12,3,3,120303,1203,0,,,,34,1,1,False,120303,Screen-Based,With Others
20130201131134,3,4448954.204649,4669703.082898,3559163.363719,2,6,1,6,0,5,0,3,0,4,0,1,1,178,178,0,178,-1,178,-1,178,1,178,178,1,0,0,0,480,480,09:02:00,12:00:00,12,3,7,120307,1203,0,-1.0,2.0,-1.0,31,1,1,False,120307,Screen-Based,With Others
20100808102527,23,12664341.313252,14906116.530595,12061277.441192,4,6,2,6,0,1,0,2,0,3,5,5,1,0,-1,0,-1,-1,-1,-1,-1,1,50,50,0,0,0,0,1020,1020,20:10:00,21:00:00,12,3,3,120303,1203,0,,,,72,2,5,True,120303,Screen-Based,Alone
20100706100608,20,26193182.612912,30829762.296968,24814594.054338,4,3,2,2,0,3,0,2,0,1,2,5,1,0,-1,0,-1,-1,-1,-1,-1,1,211,211,0,0,0,0,1080,1080,18:29:00,22:00:00,12,3,3,120303,1203,0,,,,36,1,1,False,120303,Screen-Based,With Others
20101110101082,10,3109084.271835,3659438.048382,2901811.987046,2,4,2,4,1,5,1,1,3,4,3,3,1,0,-1,0,-1,-1,-1,-1,-1,1,30,30,0,0,0,0,663,663,14:33:00,15:03:00,12,3,3,120303,1203,0,,,,72,2,5,False,120303,Screen-Based,With Others
20100201101324,31,2850007.544618,14991622.234039,2736007.242833,3,6,1,6,0,5,0,4,0,1,4,2,1,0,0,0,0,-1,0,-1,0,1,45,45,0,0,0,0,1120,1120,21:55:00,22:40:00,12,3,3,120303,1203,0,,,,33,1,1,False,120303,Screen-Based,With Others
20130112121443,9,3606420.92311,4153216.836403,3305885.846185,1,5,1,6,0,3,0,4,0,2,2,5,1,35,35,0,35,-1,35,-1,35,1,60,60,1,0,0,0,985,985,19:25:00,20:25:00,12,3,3,120303,1203,0,-1.0,1.0,-1.0,33,1,1,False,120303,Screen-Based,With Others
20131009132366,16,5404718.936058,5404718.936058,20931349.660494,2,4,2,2,0,5,0,3,3,4,5,1,1,0,0,0,0,-1,0,-1,0,1,120,120,0,0,0,0,1149,1149,21:09:00,23:09:00,12,3,3,120303,1203,0,-1.0,1.0,-1.0,36,2,1,True,120303,Screen-Based,Alone
20131110132128,17,23533072.991185,23533072.991185,91138685.506495,5,6,2,-2,0,2,0,1,0,3,0,4,1,0,-1,0,-1,-1,-1,-1,-1,1,130,130,0,0,0,0,1140,1140,20:50:00,23:00:00,12,3,3,120303,1203,0,-1.0,2.0,-1.0,80,2,5,False,120303,Screen-Based,With Others
20100505100652,3,27430454.216442,27430454.216442,27430454.216442,2,5,1,6,4,3,0,1,2,5,4,4,1,45,45,0,45,45,-1,-1,-1,1,45,45,0,1,0,0,405,405,10:00:00,10:45:00,12,3,3,120303,1203,0,,,,24,1,5,False,120303,Screen-Based,With Others
20130907131111,9,5270168.0949,5270168.0949,5270168.0949,2,6,2,6,0,3,0,4,0,1,0,5,1,120,120,0,120,-1,120,-1,120,1,120,120,1,0,0,0,840,840,16:00:00,18:00:00,12,3,3,120303,1203,0,-1.0,1.0,-1.0,57,1,2,True,120303,Screen-Based,Alone
20130403132377,14,1708646.520331,1708646.520331,1708646.520331,4,3,1,3,6,2,0,1,4,3,6,5,1,0,-1,0,-1,-1,-1,-1,-1,1,60,60,0,0,0,0,890,890,17:50:00,18:50:00,12,3,3,120303,1203,0,-1.0,1.0,-1.0,62,2,2,False,120303,Screen-Based,With Others
20100302100514,6,773003.971626,909837.076771,676378.475173,4,5,1,3,1,1,0,3,2,2,4,5,1,0,-1,0,-1,-1,-1,-1,-1,1,30,30,0,0,0,0,550,550,12:40:00,13:10:00,12,3,3,120303,1203,0,,,,32,1,1,False,120303,Screen-Based,With Others
20100201102462,27,3001274.359777,3532544.191644,2881223.385386,4,2,1,2,0,3,0,5,0,1,0,2,1,30,30,0,30,-1,30,-1,30,1,30,30,1,0,0,0,1080,1080,21:30:00,22:00:00,12,3,3,120303,1203,0,,,,43,1,5,False,120303,Screen-Based,With Others
20121009122136,13,8651899.20734,41465215.522303,7986368.499083,4,3,2,5,0,2,0,3,0,1,3,5,1,0,-1,0,-1,-1,-1,-1,-1,1,150,150,0,0,0,0,1145,1145,20:35:00,23:05:00,12,3,3,120303,1203,0,0.0,1.0,-1.0,85,1,5,False,120303,Screen-Based,With Others
20120807120965,16,4855731.807918,4653601.32155,4585968.929701,5,5,2,5,0,2,0,1,1,4,1,3,9,0,0,0,0,-1,0,-1,0,1,30,30,0,0,0,0,898,898,18:28:00,18:58:00,12,3,12,120312,1203,0,-1.0,1.0,-1.0,47,1,1,True,120312,Non-Screen,Alone
20130807130699,13,6402037.048646,6402037.048646,24793754.789103,5,4,2,2,4,2,4,4,3,3,5,1,1,0,-1,0,-1,-1,-1,-1,-1,1,120,120,0,0,0,0,1110,1110,20:30:00,22:30:00,12,3,3,120303,1203,0,-1.0,2.0,-1.0,76,2,5,False,120303,Screen-Based,With Others
20120604121551,19,5725360.888959,6725310.635892,5407285.284017,3,6,2,6,0,4,0,2,0,5,0,1,1,0,-1,0,-1,-1,-1,-1,-1,1,60,60,0,0,0,0,900,900,18:00:00,19:00:00,12,3,3,120303,1203,0,-1.0,1.0,-1.0,68,1,5,False,120303,Screen-Based,With Others
20120605121101,5,2547911.110719,2441848.722513,2335585.184825,3,6,2,3,0,4,0,5,0,2,0,1,1,0,-1,0,-1,-1,-1,-1,-1,1,60,60,0,0,0,0,315,315,08:15:00,09:15:00,12,3,12,120312,1203,0,-1.0,1.0,-1.0,78,2,5,False,120312,Non-Screen,With Others
20131110130055,6,6040457.94984,6040457.94984,23393434.32164,1,6,2,6,0,2,0,5,0,3,6,4,1,0,-1,0,-1,-1,-1,-1,-1,1,270,210,0,0,0,0,1500,1440,00:30:00,05:00:00,12,3,3,120303,1203,0,-1.0,2.0,-1.0,33,2,1,False,120303,Screen-Based,With Others
20130706131476,8,10576766.021402,10576766.021402,40961609.750731,4,2,1,3,2,1,2,2,2,3,2,5,1,210,210,0,210,210,-1,-1,-1,1,210,210,0,1,0,0,1200,1200,20:30:00,00:00:00,12,3,3,120303,1203,0,-1.0,2.0,-1.0,72,2,5,False,120303,Screen-Based,With Others
20100111092105,9,5385284.78437,4771516.775835,4936511.052339,5,5,1,5,0,1,0,4,1,3,1,2,1,60,60,0,60,-1,60,-1,60,1,60,60,1,0,0,0,840,840,17:00:00,18:00:00,12,3,7,120307,1203,0,,,,32,1,1,False,120307,Screen-Based,With Others
20100303101075,18,16482761.894487,19400453.87818,15766120.072987,1,5,1,4,0,2,0,3,1,5,2,4,1,0,-1,0,-1,-1,-1,-1,-1,1,45,45,0,0,0,0,725,725,15:20:00,16:05:00,12,3,3,120303,1203,0,,,,23,2,1,False,120303,Screen-Based,With Others
20100504101598,22,3703005.498176,3703005.498176,3703005.498176,1,0,2,3,0,2,0,4,0,5,0,3,1,0,-1,0,-1,-1,-1,-1,-1,1,120,120,0,0,0,0,995,995,18:35:00,20:35:00,12,3,3,120303,1203,0,,,,50,2,1,False,120303,Screen-Based,With Others
20121110122031,6,1426010.556677,1426010.556677,1426010.556677,2,3,2,6,3,3,0,1,0,4,6,5,1,0,0,0,0,-1,0,-1,0,1,60,60,1,0,0,0,1410,1410,02:30:00,03:30:00,12,3,3,120303,1203,0,-1.0,2.0,-1.0,48,1,1,True,120303,Screen-Based,Alone
20121110122273,7,11677157.192123,55964110.082148,10008991.878963,2,6,2,2,0,1,0,3,0,5,0,4,1,0,-1,0,-1,-1,-1,-1,-1,1,195,195,0,0,0,0,1140,1140,19:45:00,23:00:00,12,3,3,120303,1203,0,-1.0,2.0,-1.0,23,1,5,False,120303,Screen-Based,With Others
20100706102504,12,6402223.456124,5672553.606116,5762001.110511,4,2,1,0,0,5,2,3,1,1,4,2,1,0,-1,0,-1,-1,-1,-1,-1,1,60,60,0,0,0,0,990,990,19:30:00,20:30:00,12,3,7,120307,1203,0,,,,18,1,4,True,120307,Screen-Based,Alone
20100706101531,13,51172989.84926,60231363.87787,46908574.028488,3,5,1,2,0,2,0,1,2,5,6,4,1,0,-1,0,-1,-1,-1,-1,-1,1,100,100,0,0,0,0,960,960,18:20:00,20:00:00,12,3,3,120303,1203,0,,,,24,1,1,False,120303,Screen-Based,With Others
20100201101133,19,2889769.81492,3401301.697604,2697118.493926,4,6,1,6,0,3,0,2,0,5,0,1,1,0,-1,0,-1,-1,-1,-1,-1,1,30,30,0,0,0,0,712,712,15:22:00,15:52:00,12,3,3,120303,1203,0,,,,80,2,5,False,120303,Screen-Based,With Others
20100202100735,13,5142241.160431,27049239.592049,4713721.063728,1,5,1,5,0,3,0,5,1,4,2,2,3,0,-1,0,-1,-1,-1,-1,-1,1,150,150,0,0,0,0,1140,1140,20:30:00,23:00:00,12,3,3,120303,1203,0,,,,42,1,1,False,120303,Screen-Based,With Others
20101111100941,13,6460781.842633,7604435.528302,6137742.750501,5,4,1,4,2,4,3,1,2,3,3,2,1,0,-1,0,-1,-1,-1,-1,-1,1,120,120,0,0,0,0,750,750,14:30:00,16:30:00,12,3,3,120303,1203,0,,,,50,1,1,False,120303,Screen-Based,With Others
20130504130913,26,2006973.368731,2006973.368731,2006973.368731,4,5,2,4,0,2,0,1,0,3,4,5,1,0,0,0,0,-1,0,-1,0,1,30,30,1,0,0,0,1050,1050,21:00:00,21:30:00,12,3,12,120312,1203,0,-1.0,1.0,-1.0,25,2,5,False,120312,Non-Screen,With Others
20130201131665,14,7874249.211235,9068121.856927,7499284.96308,4,6,1,6,0,3,0,2,0,1,3,5,1,60,-1,60,-1,-1,-1,-1,-1,1,60,60,0,0,0,1,734,734,15:14:00,16:14:00,12,3,3,120303,1203,0,0.0,1.0,-1.0,54,2,5,True,120303,Screen-Based,Alone
20100201102510,11,10368242.768992,10368242.768992,10368242.768992,4,0,2,0,5,5,2,3,0,1,0,2,1,0,-1,0,-1,-1,-1,-1,-1,1,120,120,0,0,0,0,1030,1030,19:10:00,21:10:00,12,3,3,120303,1203,0,,,,63,1,5,True,120303,Screen-Based,Alone
20101210100674,13,973528.099208,1145856.932758,924851.694247,2,3,2,1,0,1,0,5,2,3,4,4,1,0,-1,0,-1,-1,-1,-1,-1,1,15,15,0,0,0,0,779,779,16:44:00,16:59:00,12,3,3,120303,1203,0,,,,40,1,1,False,120303,Screen-Based,With Others
20120504121996,5,2492026.040212,2388289.990637,2345436.273141,2,5,2,5,0,3,1,5,0,1,1,4,1,0,-1,0,-1,-1,-1,-1,-1,1,5,5,0,0,0,0,240,240,07:55:00,08:00:00,12,3,12,120312,1203,0,-1.0,1.0,-1.0,49,1,1,True,120312,Non-Screen,Alone
20131211131874,9,9344733.730475,9344733.730475,9344733.730475,3,3,2,2,3,2,0,5,0,4,1,1,1,0,-1,0,-1,-1,-1,-1,-1,1,60,60,0,0,0,0,455,455,10:35:00,11:35:00,12,3,12,120312,1203,0,-1.0,1.0,-1.0,85,1,5,True,120312,Non-Screen,Alone
20120707120130,8,26084347.636614,30640049.421009,24221179.948284,3,5,2,3,0,4,0,5,0,1,2,2,1,0,0,0,0,0,-1,-1,-1,1,120,120,0,0,0,0,595,595,11:55:00,13:55:00,12,3,3,120303,1203,0,0.0,1.0,-1.0,19,1,5,True,120303,Screen-Based,Alone
20100807102424,6,1435135.16532,1271570.917993,1324740.152603,5,5,2,4,0,4,0,1,0,3,0,2,2,0,-1,0,-1,-1,-1,-1,-1,1,15,15,0,0,0,0,375,375,10:00:00,10:15:00,12,3,1,120301,1203,0,,,,47,1,1,False,120301,Non-Screen,With Others
20101010102225,7,11981739.208749,14102683.784898,10892490.189772,5,6,2,6,0,2,1,1,2,4,2,3,1,180,180,0,180,-1,180,-1,180,1,180,180,1,0,0,0,810,810,14:30:00,17:30:00,12,3,3,120303,1203,0,,,,39,2,5,False,120303,Screen-Based,With Others
20100808101155,10,1527086.650326,1527086.650326,1527086.650326,4,3,2,0,6,1,5,2,5,5,4,3,1,60,60,0,60,-1,60,-1,60,1,60,60,1,0,0,0,1050,1050,20:30:00,21:30:00,12,3,7,120307,1203,0,,,,51,2,5,False,120307,Screen-Based,With Others
20101009101550,12,26289758.838321,30943433.938818,24267469.696912,4,4,1,4,0,5,0,3,0,2,2,1,1,0,-1,0,-1,-1,-1,-1,-1,1,100,100,0,0,0,0,941,941,18:01:00,19:41:00,12,3,3,120303,1203,0,,,,40,1,1,False,120303,Screen-Based,With Others
20100112091000,17,11333625.742357,24231293.577691,10524081.046474,4,4,2,5,1,2,1,5,1,3,2,1,1,120,120,0,120,-1,120,-1,120,1,120,120,1,0,0,0,1157,1157,21:17:00,23:17:00,12,3,8,120308,1203,0,,,,43,1,1,False,120308,Screen-Based,With Others
20130112122011,12,9813674.537354,11301597.673843,8921522.306686,3,4,1,4,0,4,0,2,1,1,2,5,1,90,90,0,90,-1,90,-1,90,1,90,90,1,0,0,0,990,990,19:00:00,20:30:00,12,3,3,120303,1203,0,-1.0,1.0,-1.0,49,1,1,False,120303,Screen-Based,With Others
20130706131471,10,47033182.438472,47033182.438472,47033182.438472,5,5,2,4,1,1,6,4,0,3,1,2,1,0,-1,0,-1,-1,-1,-1,-1,1,180,180,0,0,0,0,617,617,11:17:00,14:17:00,12,3,12,120312,1203,0,-1.0,1.0,-1.0,65,2,5,True,120312,Non-Screen,Alone
20120111110560,15,53909443.00201,51665344.199827,49416989.418509,3,5,2,3,0,4,0,5,0,2,3,1,1,0,-1,0,-1,-1,-1,-1,-1,1,266,266,0,0,0,0,990,990,16:04:00,20:30:00,12,3,12,120312,1203,0,-1.0,2.0,-1.0,47,1,1,True,120312,Non-Screen,Alone
20101211102467,13,10973384.999899,12915836.00739,10241825.999905,4,3,2,2,0,5,0,2,0,1,0,3,2,180,180,0,180,-1,180,-1,180,1,180,180,1,0,0,0,870,870,15:30:00,18:30:00,12,3,3,120303,1203,0,,,,43,1,1,True,120303,Screen-Based,Alone
20120605120842,7,3576927.570043,3428030.114821,3388668.224251,3,6,2,6,1,1,0,5,0,4,0,2,1,0,-1,0,-1,-1,-1,-1,-1,1,60,60,0,0,0,0,310,310,08:10:00,09:10:00,12,3,12,120312,1203,0,-1.0,1.0,-1.0,79,2,5,False,120312,Non-Screen,With Others
20121009122218,4,2888691.087569,3393208.790121,2527604.701622,4,6,2,6,0,2,0,3,0,5,0,1,1,0,-1,0,-1,-1,-1,-1,-1,1,120,120,0,0,0,0,570,570,11:30:00,13:30:00,12,3,3,120303,1203,0,-1.0,2.0,-1.0,43,1,1,False,120303,Screen-Based,With Others
20120504121906,8,17191156.087755,20193637.942232,15472040.478979,2,2,1,1,1,5,3,4,1,3,1,1,1,0,0,0,0,0,-1,-1,-1,1,130,130,0,0,0,0,660,660,12:50:00,15:00:00,12,3,3,120303,1203,0,-1.0,2.0,-1.0,32,1,1,True,120303,Screen-Based,Alone
20100112091224,23,12757547.555499,15015821.652555,12317632.122551,3,4,1,2,3,4,0,2,2,5,2,1,1,0,0,0,0,0,-1,-1,-1,1,59,59,0,0,0,0,630,630,13:31:00,14:30:00,12,3,3,120303,1203,0,,,,55,2,2,False,120303,Screen-Based,With Others
20100302101204,6,2288393.237122,2027582.042147,2173973.575266,1,3,2,2,0,3,1,5,2,4,1,2,1,0,-1,0,-1,-1,-1,-1,-1,1,25,25,0,0,0,0,330,330,09:05:00,09:30:00,12,3,8,120308,1203,0,,,,61,1,4,False,120308,Screen-Based,With Others
20120807120718,5,17356608.536804,16634101.638969,16116850.784175,1,5,1,5,4,2,1,3,1,5,1,4,1,0,-1,0,-1,-1,-1,-1,-1,1,155,155,0,0,0,0,240,240,05:25:00,08:00:00,12,3,12,120312,1203,0,-1.0,1.0,-1.0,85,2,5,False,120312,Non-Screen,With Others
20101110102187,9,15517101.944527,13748597.373262,14408737.519918,3,6,1,6,0,4,0,2,0,5,2,1,10,0,-1,0,-1,-1,-1,-1,-1,1,120,120,0,0,0,0,460,460,09:40:00,11:40:00,12,3,12,120312,1203,0,,,,43,1,1,True,120312,Non-Screen,Alone
20131212130997,6,12241567.541872,12241567.541872,12241567.541872,2,4,1,4,0,5,0,3,0,1,2,4,3,0,-1,0,-1,-1,-1,-1,-1,1,60,60,0,0,0,0,850,850,17:10:00,18:10:00,12,3,3,120303,1203,0,-1.0,1.0,-1.0,24,1,1,False,120303,Screen-Based,With Others
20100807100043,7,4720990.206902,5556675.110314,4291809.279001,2,1,2,2,1,1,0,5,0,3,2,4,1,0,-1,0,-1,-1,-1,-1,-1,1,60,60,0,0,0,0,600,600,13:00:00,14:00:00,12,3,3,120303,1203,0,,,,80,2,5,False,120303,Screen-Based,With Others
20101211101441,6,37807240.482671,44499679.722404,32406206.128003,1,6,1,6,0,5,0,2,0,4,0,3,1,0,-1,0,-1,-1,-1,-1,-1,1,180,180,0,0,0,0,690,690,12:30:00,15:30:00,12,3,3,120303,1203,0,,,,56,2,1,False,120303,Screen-Based,With Others
20101110102288,3,2012095.647351,1782774.45304,1911490.864983,1,6,2,5,0,5,0,2,0,3,1,4,1,0,-1,0,-1,-1,-1,-1,-1,1,30,30,0,0,0,0,390,390,10:00:00,10:30:00,12,3,8,120308,1203,0,,,,45,1,1,False,120308,Screen-Based,With Others
20121110121502,6,956106.049233,1123092.553754,902989.046497,4,2,1,1,0,1,0,2,4,5,3,3,3,15,15,0,15,-1,15,-1,15,1,15,15,1,0,0,0,475,475,11:40:00,11:55:00,12,3,3,120303,1203,0,-1.0,1.0,-1.0,33,2,5,False,120303,Screen-Based,With Others
20100403100517,2,15822636.018405,14019309.325828,14943600.684049,5,6,1,6,5,2,0,1,0,4,0,3,1,0,-1,0,-1,-1,-1,-1,-1,1,90,90,0,0,0,0,150,150,05:00:00,06:30:00,12,3,12,120312,1203,0,,,,77,1,5,False,120312,Non-Screen,With Others
20100807100702,4,2456349.224105,2176395.863807,2251653.455429,1,3,2,6,0,4,2,2,1,5,2,3,1,0,-1,0,-1,-1,-1,-1,-1,1,60,60,0,0,0,0,390,390,09:30:00,10:30:00,12,3,8,120308,1203,0,,,,75,2,5,False,120308,Screen-Based,With Others
20120909121204,17,1662595.324037,1593386.147176,1579465.557835,3,6,1,6,0,4,0,5,0,1,1,2,3,30,30,0,30,-1,30,-1,30,1,30,30,1,0,0,0,900,900,18:30:00,19:00:00,12,3,1,120301,1203,0,-1.0,1.0,-1.0,47,1,1,False,120301,Non-Screen,With Others
20100302101918,12,6714993.370166,7903646.245947,6198455.418615,3,2,1,2,5,5,5,1,2,2,6,4,1,0,-1,0,-1,-1,-1,-1,-1,1,80,80,0,0,0,0,900,900,17:40:00,19:00:00,12,3,3,120303,1203,0,,,,55,2,1,False,120303,Screen-Based,With Others
20100706101194,8,5734083.026869,6749100.303004,5495162.900749,5,4,1,4,0,2,0,4,0,1,4,3,1,60,60,60,60,-1,60,-1,60,1,60,60,1,0,0,1,450,450,10:30:00,11:30:00,12,3,3,120303,1203,0,,,,38,2,1,False,120303,Screen-Based,With Others
20130201130680,6,8154953.203318,8559586.896765,7135584.052903,3,5,2,6,0,4,0,2,0,5,2,1,1,0,0,0,0,0,-1,-1,-1,1,150,150,0,97,0,0,750,750,14:00:00,16:30:00,12,3,9,120309,1203,0,-1.0,1.0,-1.0,16,2,5,True,120309,Non-Screen,Alone
20100504100145,4,6758405.873366,14449472.79516,5406724.698692,5,0,2,2,5,3,0,1,0,2,0,4,1,0,-1,0,-1,-1,-1,-1,-1,1,510,510,0,0,0,0,1200,1200,15:30:00,00:00:00,12,3,1,120301,1203,0,,,,57,2,5,False,120301,Non-Screen,With Others
20121010122218,27,22053983.963961,21135938.511422,21095115.095963,2,5,2,4,2,1,0,3,2,4,2,5,1,0,-1,0,-1,-1,-1,-1,-1,1,80,80,0,0,0,0,1020,1020,19:40:00,21:00:00,12,3,8,120308,1203,0,-1.0,2.0,-1.0,66,2,5,True,120308,Screen-Based,Alone
20101009102108,18,7845257.849953,9233984.210581,7322240.659957,2,4,2,3,0,3,0,4,0,5,0,1,1,0,-1,0,-1,-1,-1,-1,-1,1,95,95,0,0,0,0,1035,1035,19:40:00,21:15:00,12,3,3,120303,1203,0,,,,57,1,1,True,120303,Screen-Based,Alone
20100212090716,23,8959295.433398,8959295.433398,8959295.433398,4,4,2,1,0,5,0,2,1,1,3,3,1,0,0,0,0,-1,0,-1,0,1,60,60,1,0,0,0,1110,1110,21:30:00,22:30:00,12,3,3,120303,1203,0,,,,33,1,1,True,120303,Screen-Based,Alone
20130605131027,22,7688094.422689,7688094.422689,29774386.880804,5,6,2,5,0,3,0,1,0,4,2,2,1,0,-1,0,-1,-1,-1,-1,-1,1,85,85,0,0,0,0,1160,1160,21:55:00,23:20:00,12,3,3,120303,1203,0,-1.0,2.0,-1.0,45,2,5,False,120303,Screen-Based,With Others
20120112111473,7,19576303.050885,22995357.266203,17129265.169525,2,6,1,5,0,3,0,4,3,5,2,1,3,0,-1,0,-1,-1,-1,-1,-1,1,120,120,0,0,0,0,1050,1050,19:30:00,21:30:00,12,3,3,120303,1203,0,-1.0,1.0,-1.0,22,1,4,False,120303,Screen-Based,With Others
20131009132468,5,19638117.741731,19638117.741731,19638117.741731,1,1,2,0,0,4,6,2,6,5,0,3,1,0,-1,0,-1,-1,-1,-1,-1,1,410,410,0,0,0,0,900,900,12:10:00,19:00:00,12,3,3,120303,1203,0,-1.0,2.0,-1.0,68,2,5,False,120303,Screen-Based,With Others
20120403120842,12,11289823.981853,54107771.415005,10349005.316699,2,2,1,0,0,3,0,5,3,4,4,1,1,0,-1,0,-1,-1,-1,-1,-1,1,120,120,0,0,0,0,1085,1085,20:05:00,22:05:00,12,3,3,120303,1203,0,-1.0,1.0,-1.0,23,1,1,False,120303,Screen-Based,With Others
20130403130688,14,2749455.638261,2749455.638261,2749455.638261,5,4,1,3,1,2,0,3,1,1,3,4,3,60,60,0,60,-1,60,-1,60,1,60,60,1,0,0,0,750,750,15:30:00,16:30:00,12,3,1,120301,1203,0,-1.0,1.0,-1.0,36,2,1,False,120301,Non-Screen,With Others
20100504101675,12,4709053.501093,4709053.501093,4709053.501093,5,3,1,0,3,1,1,4,2,2,5,3,1,120,120,0,120,-1,120,-1,120,1,120,120,1,0,0,0,681,681,13:21:00,15:21:00,12,3,3,120303,1203,0,,,,48,2,1,False,120303,Screen-Based,With Others
20130201130744,26,3570827.28596,4112226.587002,3422042.815711,1,5,2,5,5,3,-2,5,0,4,4,2,1,0,-1,0,-1,-1,-1,-1,-1,1,30,30,0,0,0,0,930,930,19:00:00,19:30:00,12,3,3,120303,1203,0,-1.0,2.0,-1.0,64,2,5,False,120303,Screen-Based,With Others
20130403131535,3,1905990.651983,1905990.651983,1905990.651983,4,4,1,5,2,2,2,5,3,1,2,3,1,0,-1,0,-1,-1,-1,-1,-1,1,30,30,0,0,0,0,390,390,10:00:00,10:30:00,12,3,8,120308,1203,0,-1.0,1.0,-1.0,34,1,1,False,120308,Screen-Based,With Others
20100504101903,11,2704516.199147,2704516.199147,2704516.199147,1,5,1,5,3,2,0,4,0,5,3,3,1,0,0,0,0,0,-1,-1,-1,1,60,60,0,0,0,0,1110,1110,21:30:00,22:30:00,12,3,3,120303,1203,0,,,,54,1,5,False,120303,Screen-Based,With Others
20130504131835,5,9830376.692527,9830376.692527,9830376.692527,3,5,1,4,4,1,3,5,3,4,1,2,1,315,315,0,315,-1,315,-1,315,1,315,315,1,0,0,0,780,780,11:45:00,17:00:00,12,3,1,120301,1203,0,-1.0,2.0,-1.0,41,2,1,False,120301,Non-Screen,With Others
20130403130719,24,22708064.404116,22708064.404116,22708064.404116,5,6,1,5,0,4,0,2,0,1,3,3,1,153,-1,153,-1,-1,-1,-1,-1,1,153,153,0,0,0,1,1020,1020,18:27:00,21:00:00,12,3,3,120303,1203,0,-1.0,2.0,-1.0,68,2,5,False,120303,Screen-Based,With Others
20131009131434,2,7642934.953913,7642934.953913,7642934.953913,5,6,2,3,0,3,0,2,0,1,3,4,1,0,0,0,0,-1,0,-1,0,1,360,360,0,0,0,0,660,660,09:00:00,15:00:00,12,3,1,120301,1203,0,-1.0,2.0,-1.0,40,2,1,True,120301,Non-Screen,Alone
20100212092505,19,5166874.843553,27178817.800462,4862941.029226,4,4,2,2,0,1,0,5,0,2,3,3,1,0,-1,0,-1,-1,-1,-1,-1,1,140,140,0,0,0,0,1110,1110,20:10:00,22:30:00,12,3,3,120303,1203,0,,,,42,1,1,False,120303,Screen-Based,With Others
20130908130786,6,1510182.770486,1510182.770486,1510182.770486,4,0,1,0,0,5,0,1,0,3,0,2,1,30,30,0,30,-1,30,-1,30,1,30,30,1,0,0,0,935,935,19:05:00,19:35:00,12,3,3,120303,1203,0,-1.0,1.0,-1.0,31,1,1,False,120303,Screen-Based,With Others
20120303120015,9,12670550.757254,14883496.677859,11403495.681528,3,5,2,6,2,4,1,1,1,5,0,2,1,0,-1,0,-1,-1,-1,-1,-1,1,210,210,0,0,0,0,750,750,13:00:00,16:30:00,12,3,3,120303,1203,0,-1.0,2.0,-1.0,65,1,1,True,120303,Screen-Based,Alone
20121009122054,8,21794144.199768,20886915.147309,20117671.569017,1,5,1,4,0,4,2,5,4,2,1,3,1,0,0,0,0,0,-1,-1,-1,1,180,180,0,0,0,0,840,840,15:00:00,18:00:00,12,3,7,120307,1203,0,-1.0,2.0,-1.0,15,1,5,True,120307,Screen-Based,Alone
20120101121421,13,9033534.499351,8657493.812959,8280739.957739,2,6,2,6,1,5,0,1,0,4,5,3,1,0,-1,0,-1,-1,-1,-1,-1,1,125,125,0,0,0,0,870,870,16:25:00,18:30:00,12,3,8,120308,1203,0,-1.0,2.0,-1.0,64,1,5,True,120308,Screen-Based,Alone
20100403101177,15,13109392.280841,15429948.084155,12100977.490007,1,4,2,3,0,3,0,5,2,4,5,2,1,0,0,0,0,0,-1,-1,-1,1,77,77,0,0,0,0,720,720,14:43:00,16:00:00,12,3,3,120303,1203,0,,,,21,2,1,False,120303,Screen-Based,With Others
20130112120657,8,5610887.190048,6461594.927962,5049798.471043,4,0,1,0,3,3,0,2,3,5,3,1,1,0,-1,0,-1,-1,-1,-1,-1,1,60,60,0,0,0,0,940,940,18:40:00,19:40:00,12,3,3,120303,1203,0,-1.0,1.0,-1.0,59,2,4,True,120303,Screen-Based,Alone
20130707131105,11,5307807.783927,5307807.783927,5307807.783927,3,5,2,3,0,2,0,4,1,5,3,1,2,0,-1,0,-1,-1,-1,-1,-1,1,15,15,0,0,0,0,510,510,12:15:00,12:30:00,12,3,12,120312,1203,0,-1.0,1.0,-1.0,60,1,1,True,120312,Non-Screen,Alone
20130303131887,12,61538727.442638,61538727.442638,238326661.756649,4,6,1,6,0,3,0,1,0,2,3,5,1,0,-1,0,-1,-1,-1,-1,-1,1,180,180,0,0,0,0,1140,1140,20:00:00,23:00:00,12,3,3,120303,1203,0,-1.0,2.0,-1.0,54,2,5,False,120303,Screen-Based,With Others
20121009122289,18,16297198.064594,15618791.451223,15278623.185557,3,4,2,4,1,1,2,4,1,2,1,5,1,0,-1,0,-1,-1,-1,-1,-1,1,120,120,0,0,0,0,1021,1021,19:01:00,21:01:00,12,3,8,120308,1203,0,-1.0,1.0,-1.0,51,1,5,False,120308,Screen-Based,With Others
20120504122356,16,23208451.308732,27261870.029921,21661221.221483,1,6,1,4,3,2,0,3,0,5,3,4,1,0,-1,0,-1,-1,-1,-1,-1,1,240,240,0,0,0,0,1070,1070,17:50:00,21:50:00,12,3,3,120303,1203,0,-1.0,1.0,-1.0,75,1,5,False,120303,Screen-Based,With Others
20101211101637,4,2892228.687572,3404195.826984,2722097.588303,1,3,1,6,2,5,3,4,3,2,0,3,1,0,-1,0,-1,-1,-1,-1,-1,1,65,65,0,0,0,0,300,300,07:55:00,09:00:00,12,3,3,120303,1203,0,,,,54,1,1,False,120303,Screen-Based,With Others
20131211131856,15,7439409.156508,7439409.156508,28811280.690928,4,4,2,3,0,2,0,1,0,5,3,3,1,0,-1,0,-1,-1,-1,-1,-1,1,250,250,0,0,0,0,1140,1140,18:50:00,23:00:00,12,3,3,120303,1203,0,-1.0,2.0,-1.0,76,1,5,False,120303,Screen-Based,With Others
20100112091537,4,9174142.803453,9174142.803453,9174142.803453,2,6,2,6,0,4,0,3,0,5,0,1,1,0,-1,0,-1,-1,-1,-1,-1,1,720,720,0,0,0,0,960,960,08:00:00,20:00:00,12,3,3,120303,1203,0,,,,63,2,5,False,120303,Screen-Based,With Others
20100706100940,11,2132476.56911,1889435.402398,1968439.909948,3,6,2,5,0,1,0,4,2,5,0,2,1,0,-1,0,-1,-1,-1,-1,-1,1,30,30,0,0,0,0,960,960,19:30:00,20:00:00,12,3,8,120308,1203,0,,,,50,1,1,False,120308,Screen-Based,With Others
20131211130736,8,3198594.660994,3198594.660994,3198594.660994,3,3,2,5,2,4,3,5,5,1,6,2,1,0,-1,0,-1,-1,-1,-1,-1,1,60,60,0,0,0,0,780,780,16:00:00,17:00:00,12,3,1,120301,1203,0,-1.0,1.0,-1.0,85,1,5,False,120301,Non-Screen,With Others
20121009121901,2,4092768.513214,4807581.5911,3751704.470446,1,4,1,2,0,2,0,3,0,5,0,4,3,0,-1,0,-1,-1,-1,-1,-1,1,120,120,0,0,0,0,420,420,09:00:00,11:00:00,12,3,3,120303,1203,0,-1.0,1.0,-1.0,49,1,5,False,120303,Screen-Based,With Others
20101009101704,31,5226959.022775,5226959.022775,5226959.022775,1,5,1,5,0,4,0,3,0,5,4,2,1,0,0,0,0,-1,0,-1,0,1,60,60,1,0,0,0,1110,1110,21:30:00,22:30:00,12,3,3,120303,1203,0,,,,41,1,1,False,120303,Screen-Based,With Others
20100112092059,18,9704547.107361,11422395.091926,9133691.395163,5,6,2,6,0,3,0,2,0,1,-2,4,1,0,-1,0,-1,-1,-1,-1,-1,1,119,119,0,0,0,0,1080,1080,20:01:00,22:00:00,12,3,3,120303,1203,0,,,,80,2,5,False,120303,Screen-Based,With Others
20120402121863,3,5838128.671007,6857773.615729,4865107.225839,5,6,1,4,0,3,0,1,0,4,2,2,1,0,-1,0,-1,-1,-1,-1,-1,1,105,105,0,0,0,0,390,390,08:45:00,10:30:00,12,3,3,120303,1203,0,-1.0,2.0,-1.0,85,1,5,True,120303,Screen-Based,Alone
20100908100713,3,10789693.26316,9559977.693419,10019000.88722,3,6,2,6,0,1,0,5,0,2,2,4,1,0,0,0,0,0,-1,-1,-1,1,30,30,0,0,0,0,160,160,06:10:00,06:40:00,12,3,1,120301,1203,0,,,,30,2,1,True,120301,Non-Screen,Alone
20100301100540,10,10608775.060836,12486684.730948,9430022.276299,5,4,1,3,0,2,0,3,0,1,3,4,3,0,-1,0,-1,-1,-1,-1,-1,1,90,90,0,0,0,0,975,975,18:45:00,20:15:00,12,3,3,120303,1203,0,,,,19,1,5,False,120303,Screen-Based,With Others
20100807100618,16,5411528.089601,6369448.384005,5110887.640179,2,6,2,4,0,4,0,3,6,1,0,5,1,0,-1,0,-1,-1,-1,-1,-1,1,70,70,0,0,0,0,859,859,17:09:00,18:19:00,12,3,3,120303,1203,0,,,,80,2,5,False,120303,Screen-Based,With Others
20120807121431,12,7644722.544505,8979893.98994,7405824.964989,5,5,1,5,1,4,0,2,0,3,0,1,1,0,-1,0,-1,-1,-1,-1,-1,1,60,60,0,0,0,0,467,467,10:47:00,11:47:00,12,3,3,120303,1203,0,-1.0,1.0,-1.0,68,2,1,False,120303,Screen-Based,With Others
20120908121600,11,13785400.16883,16193057.551053,12923812.658279,1,6,1,3,0,2,0,4,0,5,0,3,1,0,-1,0,-1,-1,-1,-1,-1,1,70,70,0,0,0,0,780,780,15:50:00,17:00:00,12,3,3,120303,1203,0,-1.0,2.0,-1.0,44,2,1,True,120303,Screen-Based,Alone
20100908101110,6,2806190.17688,2486364.981853,2590329.394043,4,4,2,2,0,2,0,3,0,1,3,5,1,0,-1,0,-1,-1,-1,-1,-1,1,60,60,0,0,0,0,720,720,15:00:00,16:00:00,12,3,8,120308,1203,0,,,,25,1,1,False,120308,Screen-Based,With Others
20120101121232,4,30826895.650196,29543658.507475,28900214.672059,4,4,2,3,1,5,1,2,3,3,1,1,1,0,-1,0,-1,-1,-1,-1,-1,1,160,160,0,0,0,0,270,270,05:50:00,08:30:00,12,3,12,120312,1203,0,-1.0,2.0,-1.0,74,1,5,True,120312,Non-Screen,Alone
20121212120664,3,15749418.155135,18500096.58467,13999482.804564,5,6,1,3,0,4,0,1,0,3,0,2,1,0,-1,0,-1,-1,-1,-1,-1,1,120,120,0,0,0,0,360,360,08:00:00,10:00:00,12,3,3,120303,1203,0,0.0,1.0,-1.0,66,1,1,True,120303,Screen-Based,Alone
20100605102296,4,13494434.999451,11956456.44724,12267668.181319,4,5,2,5,5,2,2,3,2,5,4,1,1,0,-1,0,-1,-1,-1,-1,-1,1,165,165,0,0,0,0,480,480,09:15:00,12:00:00,12,3,12,120312,1203,0,,,,66,2,5,False,120312,Non-Screen,With Others
20100706101559,1,6257726.114774,7365435.941446,4693294.58608,2,0,2,0,0,5,0,4,0,1,0,3,1,0,-1,0,-1,-1,-1,-1,-1,1,480,480,0,0,0,97,480,480,04:00:00,12:00:00,12,3,3,120303,1203,0,,,,73,1,5,False,120303,Screen-Based,With Others
20130403131942,3,11686591.566887,11686591.566887,11686591.566887,5,5,1,4,0,4,0,1,0,3,5,2,1,0,-1,0,-1,-1,-1,-1,-1,1,420,420,0,0,0,0,840,840,11:00:00,18:00:00,12,3,1,120301,1203,0,-1.0,2.0,-1.0,51,2,1,True,120301,Non-Screen,Alone
20131212132392,10,15930400.051844,15930400.051844,61695118.221981,5,6,2,4,0,1,0,2,0,3,0,4,1,0,-1,0,-1,-1,-1,-1,-1,1,386,386,0,0,0,0,1170,1170,17:04:00,23:30:00,12,3,3,120303,1203,0,-1.0,2.0,-1.0,68,1,5,True,120303,Screen-Based,Alone
20120404120914,12,11181102.857553,13133912.678573,10321018.022357,2,4,2,3,0,4,2,1,0,5,3,3,1,0,-1,0,-1,-1,-1,-1,-1,1,60,60,0,0,0,0,930,930,18:30:00,19:30:00,12,3,3,120303,1203,0,-1.0,1.0,-1.0,28,1,1,False,120303,Screen-Based,With Others
20130504132511,32,2832071.552189,2832071.552189,2832071.552189,4,5,2,3,1,1,0,2,1,3,1,5,1,0,-1,0,-1,-1,-1,-1,-1,1,20,20,0,0,0,0,725,725,15:45:00,16:05:00,12,3,3,120303,1203,0,0.0,1.0,-1.0,66,1,4,False,120303,Screen-Based,With Others
20120605122287,24,2588890.8495,2481122.589788,2516977.214792,3,6,2,6,3,1,0,5,0,4,0,2,1,0,-1,0,-1,-1,-1,-1,-1,1,15,15,0,0,0,0,615,615,14:00:00,14:15:00,12,3,12,120312,1203,0,-1.0,1.0,-1.0,76,2,5,False,120312,Non-Screen,With Others
20101212102280,27,3748265.58535,3748265.58535,3748265.58535,1,4,1,5,0,4,0,5,5,2,1,3,1,0,-1,0,-1,-1,-1,-1,-1,1,60,60,0,0,0,0,1165,1165,22:25:00,23:25:00,12,3,9,120309,1203,0,,,,29,2,5,False,120309,Non-Screen,With Others
20130101131197,20,11065253.570159,12742937.778605,10639666.894383,2,1,2,1,1,4,1,5,1,3,2,1,1,0,-1,0,-1,-1,-1,-1,-1,1,99,99,0,0,0,0,840,840,16:21:00,18:00:00,12,3,3,120303,1203,0,-1.0,2.0,-1.0,66,1,5,False,120303,Screen-Based,With Others
20130403131650,11,12025988.263687,12025988.263687,46574145.360426,5,5,1,5,0,4,0,2,0,3,2,1,3,0,-1,0,-1,-1,-1,-1,-1,1,100,100,0,0,0,0,1200,1200,22:20:00,00:00:00,12,3,3,120303,1203,0,-1.0,2.0,-1.0,28,2,1,False,120303,Screen-Based,With Others
20131110131112,21,4875431.983268,4875431.983268,4875431.983268,1,1,2,1,0,5,0,4,0,2,0,3,1,0,-1,0,-1,-1,-1,-1,-1,1,120,120,0,0,0,0,880,880,16:40:00,18:40:00,12,3,3,120303,1203,0,-1.0,2.0,-1.0,68,1,5,False,120303,Screen-Based,With Others
20120706121542,5,36778572.893178,43202050.010229,31524491.051296,3,0,2,6,0,5,0,2,0,4,5,1,1,0,0,0,0,-1,0,-1,0,1,420,420,1,0,0,0,960,960,13:00:00,20:00:00,12,3,3,120303,1203,0,-1.0,2.0,-1.0,33,2,1,False,120303,Screen-Based,With Others
20101212101378,13,4718336.347898,4180581.332183,4325141.652239,2,6,2,6,2,4,0,3,0,5,0,1,1,0,0,0,0,-1,0,-1,0,1,60,60,0,0,0,0,852,852,17:12:00,18:12:00,12,3,7,120307,1203,0,,,,36,2,1,True,120307,Screen-Based,Alone
20100403102064,4,1346000.529121,1192595.073825,1076800.423297,3,6,1,4,0,4,0,1,0,5,0,2,1,0,-1,0,-1,-1,-1,-1,-1,1,60,60,0,0,0,0,840,840,17:00:00,18:00:00,12,3,7,120307,1203,0,,,,19,1,5,False,120307,Screen-Based,With Others
20101010102082,6,2721225.737699,3202922.832611,2551149.129093,3,4,1,2,0,1,2,5,1,2,4,4,3,45,45,0,45,45,-1,-1,-1,1,45,45,0,1,0,0,725,725,15:20:00,16:05:00,12,3,3,120303,1203,0,,,,57,2,1,False,120303,Screen-Based,With Others
20130212121791,1,82278088.532522,94752872.680664,76792882.630354,3,4,2,0,0,5,0,4,0,1,4,2,1,0,-1,0,-1,-1,-1,-1,-1,1,120,120,0,0,0,97,120,120,04:00:00,06:00:00,12,3,3,120303,1203,0,-1.0,2.0,-1.0,25,2,1,True,120303,Screen-Based,Alone
20120202120613,6,1312107.007663,1257487.675682,1239212.173904,4,6,1,6,0,1,0,5,0,3,0,2,5,0,-1,0,-1,-1,-1,-1,-1,1,20,20,0,0,0,0,270,270,08:10:00,08:30:00,12,3,1,120301,1203,0,-1.0,2.0,-1.0,80,2,5,False,120301,Non-Screen,With Others
20100303101538,17,1271185.243422,1496203.782078,1186439.560527,1,6,1,3,0,4,0,3,0,2,1,5,1,0,0,0,0,0,-1,-1,-1,1,120,120,0,0,0,0,995,995,18:35:00,20:35:00,12,3,3,120303,1203,0,,,,55,2,1,True,120303,Screen-Based,Alone
20130606131064,7,41319757.953373,41319757.953373,160022808.186915,4,0,2,0,6,5,0,3,0,1,6,2,1,0,-1,0,-1,-1,-1,-1,-1,1,570,570,0,0,0,0,1200,1200,14:30:00,00:00:00,12,3,3,120303,1203,0,-1.0,2.0,-1.0,46,1,5,False,120303,Screen-Based,With Others
20121009120574,6,3019515.447373,3546881.977802,2787245.028345,5,5,2,0,0,3,0,2,0,4,1,1,1,60,60,0,60,-1,60,-1,60,1,60,60,1,0,0,0,540,540,12:00:00,13:00:00,12,3,3,120303,1203,0,-1.0,1.0,-1.0,37,2,1,True,120303,Screen-Based,Alone
20120604120950,21,5474622.382789,26237753.303111,5213926.078846,3,3,1,5,4,4,0,5,2,1,5,2,1,60,60,0,60,-1,60,-1,60,1,60,60,1,0,0,0,1125,1125,21:45:00,22:45:00,12,3,3,120303,1203,0,-1.0,1.0,-1.0,28,1,1,False,120303,Screen-Based,With Others
20100202100636,3,1600432.654252,1883732.841178,1280346.123402,1,4,1,6,2,5,0,2,4,4,1,3,1,0,-1,0,-1,-1,-1,-1,-1,1,90,90,0,0,0,0,420,420,09:30:00,11:00:00,12,3,3,120303,1203,0,,,,61,1,5,False,120303,Screen-Based,With Others
20120112112108,4,15596083.007149,14946861.845769,14178257.279226,5,3,1,3,0,1,0,3,0,4,0,2,1,0,-1,0,-1,-1,-1,-1,-1,1,90,90,0,0,0,0,465,465,10:15:00,11:45:00,12,3,7,120307,1203,0,-1.0,1.0,-1.0,25,1,4,True,120307,Screen-Based,Alone
20120908120107,8,47589605.02606,45608583.34065,42830644.523454,5,6,2,6,0,1,0,4,0,2,3,3,1,0,-1,0,-1,-1,-1,-1,-1,1,265,265,0,0,0,0,780,780,12:35:00,17:00:00,12,3,1,120301,1203,0,-1.0,2.0,-1.0,66,2,5,False,120301,Non-Screen,With Others
20130504131228,21,1061618.05464,1061618.05464,4111425.39889,1,3,1,3,0,5,0,4,0,3,5,2,1,0,-1,0,-1,-1,-1,-1,-1,1,25,25,0,0,0,0,990,990,20:05:00,20:30:00,12,3,3,120303,1203,0,-1.0,2.0,-1.0,33,1,1,False,120303,Screen-Based,With Others
20121212120546,17,6566773.764901,7713678.543784,6061637.321447,2,2,2,0,1,1,0,5,2,4,3,3,1,0,-1,0,-1,-1,-1,-1,-1,1,30,30,0,0,0,0,748,748,15:58:00,16:28:00,12,3,3,120303,1203,0,-1.0,1.0,-1.0,80,1,5,True,120303,Screen-Based,Alone
20100101102162,1,2122192.425792,2497851.788478,1697753.940634,3,6,2,0,0,4,0,2,0,5,0,1,1,0,-1,0,-1,-1,-1,-1,-1,1,105,105,0,0,0,97,105,105,04:00:00,05:45:00,12,3,3,120303,1203,0,,,,51,1,1,True,120303,Screen-Based,Alone
20131009132080,6,33223501.024885,33223501.024885,33223501.024885,3,6,1,6,2,5,0,1,0,4,0,2,1,0,-1,0,-1,-1,-1,-1,-1,1,173,173,0,0,0,0,420,420,08:07:00,11:00:00,12,3,9,120309,1203,0,-1.0,2.0,-1.0,66,2,5,False,120309,Non-Screen,With Others
20101110102306,10,10004232.284384,11775128.965777,9094756.622167,5,4,1,2,5,3,0,4,2,2,6,1,1,0,-1,0,-1,-1,-1,-1,-1,1,210,210,0,0,0,0,870,870,15:00:00,18:30:00,12,3,3,120303,1203,0,,,,44,1,1,False,120303,Screen-Based,With Others
20130403132021,13,1151550.281186,1151550.281186,4459714.163178,4,6,2,0,0,1,0,3,0,5,0,2,1,0,-1,0,-1,-1,-1,-1,-1,1,20,20,0,0,0,0,1340,1340,02:00:00,02:20:00,12,3,3,120303,1203,0,-1.0,1.0,-1.0,80,2,5,False,120303,Screen-Based,With Others
20130403131914,4,5752306.373232,5752306.373232,5752306.373232,4,3,1,3,4,2,3,3,5,5,5,1,1,0,-1,0,-1,-1,-1,-1,-1,1,180,180,0,0,0,0,540,540,10:00:00,13:00:00,12,3,3,120303,1203,0,-1.0,2.0,-1.0,48,1,5,False,120303,Screen-Based,With Others
20120908121519,6,7233771.60105,8497169.353982,6028143.000875,3,4,1,0,0,5,0,4,0,2,0,1,1,240,240,0,240,-1,240,-1,240,1,240,240,1,0,0,0,750,750,12:30:00,16:30:00,12,3,3,120303,1203,0,-1.0,2.0,-1.0,41,1,1,False,120303,Screen-Based,With Others
20130504131818,21,14342236.822992,14342236.822992,14342236.822992,5,3,1,3,0,1,0,4,0,3,0,2,3,0,0,0,0,-1,0,-1,0,1,80,80,0,0,0,0,1080,1080,20:40:00,22:00:00,12,3,3,120303,1203,0,-1.0,2.0,-1.0,43,1,1,False,120303,Screen-Based,With Others
20130112120683,11,20656729.067925,21681677.754802,18935334.978931,3,6,2,6,0,2,0,4,0,1,0,5,1,0,-1,0,-1,-1,-1,-1,-1,1,120,120,0,0,0,0,576,576,11:36:00,13:36:00,12,3,8,120308,1203,0,-1.0,1.0,-1.0,43,2,3,True,120308,Screen-Based,Alone
20130706131536,18,5248788.967247,5248788.967247,5248788.967247,3,4,-2,2,3,1,0,4,0,2,3,5,1,0,-1,0,-1,-1,-1,-1,-1,1,30,30,0,0,0,0,920,920,18:50:00,19:20:00,12,3,12,120312,1203,0,-1.0,1.0,-1.0,45,2,1,False,120312,Non-Screen,With Others
20121009120070,8,14147384.802785,13558468.881529,13440015.562646,3,4,2,5,3,4,0,5,3,2,4,1,1,60,60,0,60,-1,60,-1,60,1,60,60,1,0,0,0,600,600,13:00:00,14:00:00,12,3,8,120308,1203,0,-1.0,1.0,-1.0,39,2,1,False,120308,Screen-Based,With Others
20100907101920,15,3582104.439609,4216189.763118,3383098.637408,3,5,2,5,0,1,0,5,0,2,0,4,1,0,-1,0,-1,-1,-1,-1,-1,1,30,30,0,0,0,0,810,810,17:00:00,17:30:00,12,3,3,120303,1203,0,,,,80,1,5,False,120303,Screen-Based,With Others
20130908132127,18,33575511.838003,33575511.838003,33575511.838003,5,6,2,6,0,1,0,3,0,2,5,4,1,0,-1,0,-1,-1,-1,-1,-1,1,60,60,0,0,0,0,600,600,13:00:00,14:00:00,12,3,1,120301,1203,0,-1.0,1.0,-1.0,66,2,5,True,120301,Non-Screen,Alone
20130403131621,4,14958282.437593,14958282.437593,14958282.437593,4,3,1,4,1,2,0,3,4,5,3,1,3,0,0,0,0,-1,0,-1,0,1,175,175,0,0,0,0,480,480,09:05:00,12:00:00,12,3,1,120301,1203,0,-1.0,2.0,-1.0,31,1,1,False,120301,Non-Screen,With Others
20100504100919,6,9095049.270486,10705007.14755,7958168.111675,5,6,1,4,0,4,0,3,0,1,0,2,1,0,-1,0,-1,-1,-1,-1,-1,1,195,195,0,0,0,0,840,840,14:45:00,18:00:00,12,3,3,120303,1203,0,,,,64,2,1,False,120303,Screen-Based,With Others
20100908101881,8,4608719.168606,4083457.367369,4416689.203247,5,4,1,3,0,1,0,3,0,2,0,4,3,0,0,0,0,-1,0,-1,0,1,30,30,0,0,0,0,425,425,10:35:00,11:05:00,12,3,1,120301,1203,0,,,,27,2,1,False,120301,Non-Screen,With Others
20100403101636,21,33222268.190197,39103099.703699,31561154.780688,5,3,2,3,4,4,3,3,3,2,4,1,1,0,-1,0,-1,-1,-1,-1,-1,1,150,150,0,0,0,0,1020,1020,18:30:00,21:00:00,12,3,3,120303,1203,0,,,,80,2,5,False,120303,Screen-Based,With Others
20120112110953,2,1555049.718809,1826643.353332,1166287.289107,2,4,2,4,0,4,0,1,0,5,2,3,1,0,-1,0,-1,-1,-1,-1,-1,1,120,120,0,0,0,0,630,630,12:30:00,14:30:00,12,3,3,120303,1203,0,-1.0,2.0,-1.0,64,1,5,False,120303,Screen-Based,With Others
20120302121786,8,24192654.008748,28417966.390423,22331680.623459,5,3,1,6,4,4,0,3,3,1,0,2,1,0,-1,0,-1,-1,-1,-1,-1,1,95,95,0,0,0,0,480,480,10:25:00,12:00:00,12,3,3,120303,1203,0,-1.0,2.0,-1.0,74,2,5,True,120303,Screen-Based,Alone
20120605121162,8,23687540.895216,27824633.906996,21865422.364815,1,4,1,4,3,2,3,5,3,3,2,4,1,0,-1,0,-1,-1,-1,-1,-1,1,225,225,0,0,0,0,900,900,15:15:00,19:00:00,12,3,3,120303,1203,0,-1.0,2.0,-1.0,50,1,1,False,120303,Screen-Based,With Others
20100112090156,19,5536920.465041,6517037.059493,5211219.261215,4,5,2,3,5,2,2,3,3,1,5,5,1,0,-1,0,-1,-1,-1,-1,-1,1,45,45,0,0,0,0,1047,1047,20:42:00,21:27:00,12,3,3,120303,1203,0,,,,57,2,5,True,120303,Screen-Based,Alone
20130504131493,12,3052119.159852,3052119.159852,3052119.159852,5,3,2,3,0,1,0,2,0,3,0,4,1,0,-1,0,-1,-1,-1,-1,-1,1,30,30,0,0,0,0,720,720,15:30:00,16:00:00,12,3,1,120301,1203,0,-1.0,1.0,-1.0,65,1,4,False,120301,Non-Screen,With Others
20120806122196,4,8021980.874549,7688048.326386,7550099.646634,4,3,1,6,0,1,3,3,0,5,0,2,3,0,-1,0,-1,-1,-1,-1,-1,1,20,20,0,0,0,0,355,355,09:35:00,09:55:00,12,3,12,120312,1203,0,-1.0,1.0,-1.0,53,1,5,False,120312,Non-Screen,With Others
20101110102341,6,1050901.481959,1236926.545549,900772.698822,3,6,2,6,0,5,0,2,0,4,0,1,1,0,-1,0,-1,-1,-1,-1,-1,1,50,50,0,0,0,0,870,870,17:40:00,18:30:00,12,3,3,120303,1203,0,,,,68,1,1,True,120303,Screen-Based,Alone
20130807131529,19,9468845.642746,9468845.642746,36670865.104063,2,6,2,5,0,4,0,5,0,1,1,3,1,0,-1,0,-1,-1,-1,-1,-1,1,150,150,0,0,0,0,1200,1200,21:30:00,00:00:00,12,3,3,120303,1203,0,-1.0,2.0,-1.0,85,1,5,False,120303,Screen-Based,With Others
20131211130657,3,2058766.067784,2058766.067784,2058766.067784,4,4,2,2,0,2,0,5,0,3,1,1,1,0,-1,0,-1,-1,-1,-1,-1,1,240,240,0,0,0,0,900,900,15:00:00,19:00:00,12,3,3,120303,1203,0,-1.0,2.0,-1.0,41,2,1,False,120303,Screen-Based,With Others
20100908101451,7,20231494.187315,23812767.082376,19219919.477949,4,2,2,4,2,1,4,3,4,2,4,5,1,0,-1,0,-1,-1,-1,-1,-1,1,315,315,0,0,0,0,615,615,09:00:00,14:15:00,12,3,3,120303,1203,0,,,,59,1,1,False,120303,Screen-Based,With Others
20130403131199,16,15402313.815536,15402313.815536,15402313.815536,3,3,2,4,2,1,1,4,1,5,2,2,1,0,-1,0,-1,-1,-1,-1,-1,1,180,180,0,0,0,0,995,995,17:35:00,20:35:00,12,3,3,120303,1203,0,-1.0,1.0,-1.0,85,2,5,False,120303,Screen-Based,With Others
20131110131894,5,5471010.493882,5471010.493882,5471010.493882,4,3,2,3,0,2,0,1,0,5,0,3,1,0,-1,0,-1,-1,-1,-1,-1,1,45,45,0,0,0,0,825,825,17:00:00,17:45:00,12,3,3,120303,1203,0,-1.0,1.0,-1.0,58,1,5,True,120303,Screen-Based,Alone
20120807121431,35,3822361.272252,11209518.544898,3702912.482494,5,4,1,5,2,4,0,2,0,3,1,1,1,0,-1,0,-1,-1,-1,-1,-1,1,30,30,0,0,0,0,1261,1261,00:31:00,01:01:00,12,3,8,120308,1203,0,-1.0,1.0,-1.0,68,2,1,False,120308,Screen-Based,With Others
20130211121425,5,1818761.287159,2094517.018472,1455009.029728,1,6,1,6,0,5,0,3,0,2,2,4,1,0,0,0,0,0,-1,-1,-1,1,60,60,0,97,0,0,780,780,16:00:00,17:00:00,12,3,3,120303,1203,0,-1.0,2.0,-1.0,17,2,5,False,120303,Screen-Based,With Others
20120101120874,4,15076783.03746,17709983.926497,14134484.097618,4,4,1,5,1,5,0,3,2,2,2,1,1,0,-1,0,-1,-1,-1,-1,-1,1,90,90,0,0,0,0,365,365,08:35:00,10:05:00,12,3,3,120303,1203,0,-1.0,1.0,-1.0,21,1,4,False,120303,Screen-Based,With Others
20131110132138,12,13209870.858625,13209870.858625,13209870.858625,2,6,1,2,0,1,0,5,0,3,0,4,1,0,-1,0,-1,-1,-1,-1,-1,1,140,140,0,0,0,0,720,720,13:40:00,16:00:00,12,3,3,120303,1203,0,-1.0,2.0,-1.0,67,2,5,False,120303,Screen-Based,With Others
20120101120757,24,25344390.819683,74325370.80279,24330615.186895,1,4,2,1,0,2,0,5,0,3,4,4,1,0,-1,0,-1,-1,-1,-1,-1,1,20,20,0,0,0,0,1117,1117,22:17:00,22:37:00,12,3,8,120308,1203,0,-1.0,1.0,-1.0,29,1,1,True,120308,Screen-Based,Alone
20120303121789,11,5184174.677607,4968372.036428,4536152.842906,3,6,1,3,0,2,0,4,3,1,0,5,1,0,0,0,0,0,-1,-1,-1,1,158,158,0,0,0,0,840,840,15:22:00,18:00:00,12,3,7,120307,1203,0,-1.0,2.0,-1.0,16,1,5,False,120307,Screen-Based,With Others
20131111130988,19,15514169.537311,15514169.537311,15514169.537311,1,4,1,3,0,2,0,4,1,5,3,3,1,100,100,0,100,-1,100,-1,100,1,100,100,1,0,0,0,1140,1140,21:20:00,23:00:00,12,3,7,120307,1203,0,-1.0,1.0,-1.0,34,1,1,False,120307,Screen-Based,With Others
20120302120079,16,13329879.080097,15657978.473533,12695122.933426,5,6,2,0,6,3,0,1,0,4,0,2,1,0,0,0,0,0,-1,-1,-1,1,30,30,0,0,0,0,750,750,16:00:00,16:30:00,12,3,3,120303,1203,0,-1.0,2.0,-1.0,16,1,5,True,120303,Screen-Based,Alone
20130504131971,3,14295379.189298,14295379.189298,14295379.189298,5,4,2,4,2,1,0,2,0,4,0,3,1,0,-1,0,-1,-1,-1,-1,-1,1,60,60,0,0,0,0,270,270,07:30:00,08:30:00,12,3,12,120312,1203,0,-1.0,1.0,-1.0,78,1,5,True,120312,Non-Screen,Alone
20131009131074,9,28384641.36983,28384641.36983,28384641.36983,3,6,1,4,0,1,0,5,0,2,0,4,1,120,120,0,120,-1,120,-1,120,1,120,120,1,0,0,0,420,420,09:00:00,11:00:00,12,3,7,120307,1203,0,-1.0,1.0,-1.0,34,1,5,False,120307,Screen-Based,With Others
20121009120519,8,7137993.148954,6840858.528681,6588916.752881,1,6,2,5,1,5,0,4,0,3,0,2,1,0,-1,0,-1,-1,-1,-1,-1,1,160,160,0,0,0,0,480,480,09:20:00,12:00:00,12,3,12,120312,1203,0,-1.0,2.0,-1.0,85,2,5,False,120312,Non-Screen,With Others
20101009100928,6,14427571.357804,12783242.024289,13225273.744653,1,6,2,4,0,3,0,2,0,4,0,5,3,0,-1,0,-1,-1,-1,-1,-1,1,120,120,0,0,0,0,784,784,15:04:00,17:04:00,12,3,7,120307,1203,0,,,,16,1,4,False,120307,Screen-Based,With Others
20120201121399,9,12690096.101552,14906455.669343,11280085.423602,2,3,2,3,0,5,0,3,0,4,3,1,1,0,-1,0,-1,-1,-1,-1,-1,1,180,180,0,0,0,0,960,960,17:00:00,20:00:00,12,3,3,120303,1203,0,-1.0,2.0,-1.0,80,2,5,False,120303,Screen-Based,With Others
20131110130874,1,16364524.890504,16364524.890504,16364524.890504,4,6,2,5,0,5,0,3,0,2,0,1,1,0,-1,0,-1,-1,-1,-1,-1,1,120,120,0,0,0,97,120,120,04:00:00,06:00:00,12,3,7,120307,1203,0,-1.0,1.0,-1.0,67,2,5,False,120307,Screen-Based,With Others
20120302121649,3,2860162.803596,3359697.96428,2383469.002996,3,6,1,4,0,5,0,1,0,2,2,4,1,0,-1,0,-1,-1,-1,-1,-1,1,75,75,0,0,0,0,360,360,08:45:00,10:00:00,12,3,3,120303,1203,0,-1.0,2.0,-1.0,16,1,5,True,120303,Screen-Based,Alone
20130302131489,3,13687761.458476,14366922.863315,12634856.730901,4,6,1,6,0,5,0,3,0,1,0,2,3,0,-1,0,-1,-1,-1,-1,-1,1,60,60,0,0,0,0,245,245,07:05:00,08:05:00,12,3,12,120312,1203,0,-1.0,1.0,-1.0,79,2,5,False,120312,Non-Screen,With Others
20100504101787,12,12846993.98619,15121101.420855,12091288.457591,3,4,1,5,0,2,0,1,3,5,2,4,1,0,-1,0,-1,-1,-1,-1,-1,1,60,60,0,0,0,0,750,750,15:30:00,16:30:00,12,3,3,120303,1203,0,,,,17,2,2,False,120303,Screen-Based,With Others
20120707120892,3,3871817.3008,3871817.3008,3871817.3008,4,5,2,6,0,2,0,5,0,3,4,1,1,0,-1,0,-1,-1,-1,-1,-1,1,30,30,0,0,0,0,360,360,09:30:00,10:00:00,12,3,12,120312,1203,0,-1.0,1.0,-1.0,51,1,1,False,120312,Non-Screen,With Others
20131211131874,25,9344733.730475,9344733.730475,36190205.542758,3,3,2,6,3,2,0,5,0,4,3,1,1,0,-1,0,-1,-1,-1,-1,-1,1,60,60,0,0,0,0,1154,1154,22:14:00,23:14:00,12,3,12,120312,1203,0,-1.0,1.0,-1.0,85,1,5,True,120312,Non-Screen,Alone
20101110101452,10,14940765.703629,17585501.616383,14229300.670123,2,6,2,2,0,1,0,5,0,4,0,3,1,65,65,0,65,65,-1,-1,-1,1,65,65,0,1,0,0,480,480,10:55:00,12:00:00,12,3,3,120303,1203,0,,,,70,1,5,True,120303,Screen-Based,Alone
20100908100864,22,12733469.999547,11282219.631871,12096796.49957,4,4,2,6,0,3,0,1,0,2,4,5,1,0,0,0,0,0,-1,-1,-1,1,115,115,0,0,0,0,990,990,18:35:00,20:30:00,12,3,1,120301,1203,0,,,,56,2,1,True,120301,Non-Screen,Alone
20100302102142,8,1122808.03746,1321561.622029,998051.588854,1,6,2,6,0,4,0,5,0,3,0,2,1,0,-1,0,-1,-1,-1,-1,-1,1,100,100,0,0,0,0,510,510,10:50:00,12:30:00,12,3,3,120303,1203,0,,,,68,1,5,False,120303,Screen-Based,With Others
20100403100580,10,7889090.791789,9285576.229677,7171900.719808,1,0,2,3,4,5,3,3,5,4,4,2,1,0,-1,0,-1,-1,-1,-1,-1,1,30,30,0,0,0,0,840,840,17:30:00,18:00:00,12,3,3,120303,1203,0,,,,76,1,5,True,120303,Screen-Based,Alone
20130302130504,9,2636825.187028,2767659.57538,2397113.806389,3,4,2,3,0,1,0,5,3,2,4,4,2,0,0,0,0,-1,0,-1,0,1,15,15,0,0,0,0,705,705,15:30:00,15:45:00,12,3,1,120301,1203,0,-1.0,1.0,-1.0,37,1,1,True,120301,Non-Screen,Alone
20121009122072,29,39890232.34729,46857169.194482,38716990.219428,2,5,1,3,2,3,0,5,0,4,2,1,1,60,60,0,60,-1,60,-1,60,1,60,60,1,0,0,0,960,960,19:00:00,20:00:00,12,3,3,120303,1203,0,-1.0,1.0,-1.0,29,2,5,False,120303,Screen-Based,With Others
